[{"type":"BUTTON","id":"Buttonid","text":"Button","class":"BUTTONCLASS","label":"AddButton","value":"BUTTONVALUE","readOnly":true,"options":[],"mandatory":true},{"type":"TEXTBOX","id":"textid","text":"Textbox","class":"textclass","label":"textlabel","value":"textvalue","readOnly":true,"options":[],"mandatory":true},{"type":"TEXTBOX","id":"textid2","text":"Textbox","class":"textclass","label":"tetx2","value":"","readOnly":false,"options":[],"mandatory":false},{"type":"BUTTON","id":"b2id","text":"Button","class":"b2class","label":"b2","value":"b2value","readOnly":true,"options":[],"mandatory":false}]